{"spectator.org":{"title":"The American Spectator","rating":"Right","url":"http://spectator.org/"},"commentarymagazine.com":{"title":"Commentary Magazine","rating":"Right","url":"https://www.commentarymagazine.com/"},"dailyprogress.com":{"title":"Daily Progress","rating":"Center","url":"http://www.dailyprogress.com"},"techcrunch.com":{"title":"TechCrunch","rating":"Center","url":"http://techcrunch.com/"},"thegatewaypundit.com":{"title":"The Gateway Pundit","rating":"Right","url":"http://www.thegatewaypundit.com/"},"thefederalist.com":{"title":"The Federalist","rating":"Right","url":"http://thefederalist.com/"},"theatlantic.com":{"title":"The Atlantic","rating":"Lean Left","url":"http://www.theatlantic.com/"},"motherjones.com":{"title":"Mother Jones","rating":"Left","url":"http://www.motherjones.com/"},"nymag.com":{"title":"New York Magazine","rating":"Left","url":"http://nymag.com/"},"freep.com":{"title":"Detroit Free Press","rating":"Lean Left","url":"http://www.freep.com/"},"edweek.org":{"title":"Education Week","rating":"Center","url":"http://edweek.org"},"economist.com":{"title":"The Economist","rating":"Lean Left","url":"http://www.economist.com/"},"hotair.com":{"title":"HotAir","rating":"Lean Right","url":"http://hotair.com/"},"cnet.com":{"title":"CNET","rating":"Center","url":"http://www.cnet.com"},"nationalreview.com":{"title":"National Review","rating":"Right","url":"http://www.nationalreview.com/"},"csmonitor.com":{"title":"Christian Science Monitor","rating":"Center","url":"http://www.csmonitor.com/"},"infowars.com":{"title":"InfoWars","rating":"Right","url":"http://www.infowars.com/"},"politicususa.com":{"title":"PoliticusUSA","rating":"Left","url":"http://www.politicususa.com/"},"theepochtimes.com":{"title":"The Epoch Times","rating":"Lean Right","url":"https://www.theepochtimes.com"},"thehill.com":{"title":"The Hill","rating":"Center","url":"https://www.thehill.com"},"pressherald.com":{"title":"Portland Press Herald","rating":"Center","url":"http://www.pressherald.com/"},"desmoinesregister.com":{"title":"Des Moines Register","rating":"Center","url":"http://desmoinesregister.com/"},"gizmodo.com":{"title":"Gizmodo","rating":"Lean Left","url":"http://gizmodo.com"},"rawstory.com":{"title":"Raw Story","rating":"Left","url":"http://www.rawstory.com/"},"marketwatch.com":{"title":"MarketWatch","rating":"Center","url":"https://www.marketwatch.com/"},"insider.com":{"title":"Insider","rating":"Lean Left","url":"https://www.insider.com/"},"deseret.com":{"title":"Deseret News","rating":"Lean Right","url":"https://www.deseret.com/"},"newsbusters.org":{"title":"NewsBusters","rating":"Right","url":"http://www.newsbusters.org"},"c-span.org":{"title":"C-SPAN","rating":"Center","url":"http://www.c-span.org/"},"fivethirtyeight.com":{"title":"FiveThirtyEight","rating":"Center","url":"http://fivethirtyeight.com/"},"newsmax.com":{"title":"Newsmax (News)","rating":"Right","url":"http://www.newsmax.com/"},"reason.com":{"title":"Reason","rating":"Lean Right","url":"http://reason.com/"},"scientificamerican.com":{"title":"Scientific American","rating":"Lean Left","url":"http://www.scientificamerican.com/"},"theverge.com":{"title":"The Verge","rating":"Lean Left","url":"http://www.theverge.com/politics"},"thedailybeast.com":{"title":"Daily Beast","rating":"Left","url":"http://www.thedailybeast.com/"},"realclearpolitics.com":{"title":"RealClearPolitics","rating":"Center","url":"http://www.realclearpolitics.com/"},"rollingstone.com":{"title":"RollingStone.com","rating":"Left","url":"http://www.rollingstone.com/"},"rt.com":{"title":"RT","rating":"Lean Right","url":"https://www.rt.com/"},"dailycaller.com":{"title":"The Daily Caller","rating":"Right","url":"http://dailycaller.com/"},"vanityfair.com":{"title":"Vanity Fair","rating":"Lean Left","url":"http://www.vanityfair.com/"},"axios.com":{"title":"Axios","rating":"Center","url":"https://www.axios.com/"},"aljazeera.com":{"title":"Al Jazeera","rating":"Lean Left","url":"https://www.aljazeera.com/"},"alternet.org":{"title":"AlterNet","rating":"Left","url":"http://www.alternet.org/"},"nbcnews.com":{"title":"NBC News (Online)","rating":"Lean Left","url":"http://www.nbcnews.com"},"washingtonexaminer.com":{"title":"Washington Examiner","rating":"Lean Right","url":"http://washingtonexaminer.com/"},"huffpost.com":{"title":"HuffPost","rating":"Left","url":"https://www.huffpost.com/"},"dailykos.com":{"title":"Daily Kos","rating":"Left","url":"http://www.dailykos.com"},"politico.com":{"title":"Politico","rating":"Lean Left","url":"http://www.politico.com/"},"washingtonpost.com":{"title":"Washington Post","rating":"Lean Left","url":"https://www.washingtonpost.com/"},"americanthinker.com":{"title":"American Thinker","rating":"Right","url":"http://www.americanthinker.com/"},"azcentral.com":{"title":"AZ Central","rating":"Center","url":"https://www.azcentral.com/"},"cbsnews.com":{"title":"CBS News (Online)","rating":"Lean Left","url":"http://www.cbsnews.com/"},"newsweek.com":{"title":"Newsweek","rating":"Center","url":"https://www.newsweek.com/"},"vox.com":{"title":"Vox","rating":"Left","url":"http://www.vox.com"},"bbc.com":{"title":"BBC News","rating":"Center","url":"http://www.bbc.com/"},"bloomberg.com":{"title":"Bloomberg","rating":"Lean Left","url":"http://www.bloomberg.com/"},"forbes.com":{"title":"Forbes","rating":"Center","url":"http://www.forbes.com/"},"breitbart.com":{"title":"Breitbart News","rating":"Right","url":"http://www.breitbart.com/"},"newyorker.com":{"title":"The New Yorker","rating":"Left","url":"https://www.newyorker.com/"},"theguardian.com":{"title":"The Guardian","rating":"Lean Left","url":"https://www.theguardian.com/us"},"nypost.com":{"title":"New York Post (News)","rating":"Lean Right","url":"http://www.nypost.com/"},"time.com":{"title":"Time Magazine","rating":"Lean Left","url":"http://www.time.com/time/"},"npr.org":{"title":"NPR (Online News)","rating":"Lean Left","url":"http://www.npr.org/"},"phys.org":{"title":"Phys.org","rating":"Center","url":"http://phys.org/"},"apnews.com":{"title":"Associated Press","rating":"Center","url":"https://apnews.com/"},"cnbc.com":{"title":"CNBC","rating":"Center","url":"http://cnbc.com"},"foxnews.com":{"title":"Fox News (Online News)","rating":"Right","url":"http://www.foxnews.com/"},"abcnews.go.com":{"title":"ABC News (Online)","rating":"Lean Left","url":"http://abcnews.go.com/"},"slate.com":{"title":"Slate","rating":"Left","url":"https://slate.com/"},"latimes.com":{"title":"Los Angeles Times","rating":"Lean Left","url":"http://www.latimes.com/"},"usatoday.com":{"title":"USA TODAY","rating":"Lean Left","url":"https://www.usatoday.com/"},"nytimes.com":{"title":"New York Times (News)","rating":"Lean Left","url":"http://www.nytimes.com/"},"reuters.com":{"title":"Reuters","rating":"Center","url":"http://www.reuters.com/"},"cnn.com":{"title":"CNN (Online News)","rating":"Left","url":"http://www.cnn.com"},"washingtontimes.com":{"title":"Washington Times","rating":"Lean Right","url":"http://www.washingtontimes.com/"}}